iterations,cost_GD,gradient_GD,iteration_TR_hess,cost_TR_hess,gradient_TR_hess,iteration_TR_hess_approx,cost_TR_hess_approx,gradient_TR_hess_approx
1,2.2903012529159494,15.88432977826608,1,1.7172768746548144,12.530133477491818,1,1.7229006518442387,12.905941988328122
2,2.0713244448100645,13.939121835600158,2,1.5791877325602233,3.2418765502699736,2,1.585818791509396,3.069303402300138
3,1.9608509392834683,5.767098918493016,3,1.5040206922917994,1.242051404886247,3,1.5152677070553469,1.7582952894110466
4,1.9043302727866978,3.0417105301899485,4,1.4721898561106572,0.7565876973138634,4,1.4850344389120214,2.002212326982479
5,1.8701718367653062,2.498608440416193,5,1.443094415118834,1.346440225237528,5,1.460701811961413,2.546232961091959
6,1.8323161194071962,2.4185665234033613,6,1.4295068987213824,1.0818089708537602,6,1.4408581628676198,2.617854936424035
7,1.8054338576020308,2.0961619799007605,7,1.4253476201476853,0.5606057285915074,7,1.431321851305926,0.31001275668943135
8,1.789616074741455,1.8172046478179962,8,1.4250549777308297,0.5171494996203422,8,1.4280296794077352,0.554899917734175
9,1.7757610828122574,1.7207355747715023,9,1.4249355734733742,0.04664646007539311,9,1.425631443342032,1.547620717860154
10,1.7629508059682246,1.5953936356808007,10,1.424933252370954,0.0038616119600256853,10,1.4249643020881098,0.1095156667940641
11,1.7546572783379137,1.4377041704596263,11,1.424933251771205,0.0010567844425243755,11,1.4249411203984157,0.06482704363103862
12,1.7461765380388181,1.3843922588791664,12,1.4249332517711737,3.7534580926333786e-7,12,1.4249332586689305,0.004155745717653625
13,1.7380299449429528,1.2865688724958568,,,,13,1.4249332518206057,0.0034633783972959327
14,1.731991340500437,1.1486030565987624,,,,14,1.4249332517711732,1.1409339044438946e-5
15,1.7274932073760143,1.0843489056620799,,,,15,1.4249332517711717,5.6823526206884455e-9
16,1.7224905184589412,1.0787961164601403,,,,,,
17,1.718637737256603,1.0275845652553472,,,,,,
18,1.7142431800922187,1.0279236985158513,,,,,,
19,1.7107509085844832,0.9819138727620798,,,,,,
20,1.7067329127812276,0.9821587936744177,,,,,,
21,1.7034409848517134,0.9360498905119764,,,,,,
22,1.7006525252717324,0.9316347767506302,,,,,,
23,1.6974339819342588,0.9674975475623474,,,,,,
24,1.694693794287681,0.9562146321974067,,,,,,
25,1.6914831751626258,0.9846862232225261,,,,,,
26,1.6887195031034876,0.9628204551225137,,,,,,
27,1.6854912541250604,0.9794270574200594,,,,,,
28,1.6826709370725523,0.9441369468832332,,,,,,
29,1.6803135971737067,0.9452603349960546,,,,,,
30,1.6773971194988833,0.9821274137226715,,,,,,
31,1.6749320124002496,0.9662478764516721,,,,,,
32,1.6719154770143057,0.9854480308398671,,,,,,
33,1.6693232256050834,0.9496252028534338,,,,,,
34,1.667036852777914,0.9473782847887774,,,,,,
35,1.6643030733171236,0.9779245165030682,,,,,,
36,1.661871278569814,0.9528527406857714,,,,,,
37,1.6597977021899906,0.9595843295599933,,,,,,
38,1.657197971432642,0.9983432076027052,,,,,,
39,1.654950740358112,0.9792481848107127,,,,,,
40,1.6522035954359124,0.991413047005519,,,,,,
41,1.6497969800692938,0.9442460892553738,,,,,,
42,1.647623100419476,0.9273025963134476,,,,,,
43,1.645732201121249,0.9381437579154849,,,,,,
44,1.6433817229549663,0.9775472645829248,,,,,,
45,1.641309786505342,0.9581212602664173,,,,,,
46,1.6394698939857957,0.9663839774810619,,,,,,
47,1.637193619009321,1.0029489873300466,,,,,,
48,1.6351507413971773,0.9771987469973091,,,,,,
49,1.6333629547499586,0.9788576275934213,,,,,,
50,1.6311076671243236,1.0076520800769533,,,,,,
51,1.6291070073072897,0.9722216469102034,,,,,,
52,1.6273040321960373,0.9632511912108696,,,,,,
53,1.625108755951511,0.9795579349537792,,,,,,
54,1.6231224663201271,0.9323695314982313,,,,,,
55,1.6213242948944513,0.9102955579093842,,,,,,
56,1.6196852233341854,0.910778708836611,,,,,,
57,1.6182416236687855,0.9336191660152628,,,,,,
58,1.616403673099079,0.9806970981848914,,,,,,
59,1.6147528557776631,0.9641065772291535,,,,,,
60,1.6132729435123376,0.9704301341745697,,,,,,
61,1.6113924039956544,1.0000410745726112,,,,,,
62,1.6096901401596755,0.9620560758605573,,,,,,
63,1.6081485644909665,0.946954765794611,,,,,,
64,1.6067585181246442,0.9530832882401558,,,,,,
65,1.604995330900824,0.9807945502924486,,,,,,
66,1.6033924448944867,0.9411784753245753,,,,,,
67,1.6019273529116005,0.922948310396495,,,,,,
68,1.6005924634998505,0.9242944211535927,,,,,,
69,1.598926455031191,0.9451778164770327,,,,,,
70,1.5974038168201967,0.9004384967969687,,,,,,
71,1.5959958031273287,0.8755955592652994,,,,,,
72,1.5946934766070069,0.868415868372485,,,,,,
73,1.5934964443472832,0.8781941106012621,,,,,,
74,1.5920146899008445,0.9054825939159771,,,,,,
75,1.5906435172686186,0.8695701446378933,,,,,,
76,1.5893700490361604,0.8510642346182243,,,,,,
77,1.5881823255214524,0.8484567578712756,,,,,,
78,1.5870919453083603,0.8613560628158989,,,,,,
79,1.5857300859476664,0.890600396109122,,,,,,
80,1.584470479938375,0.8568104521790634,,,,,,
81,1.583289335950075,0.8391559664549035,,,,,,
82,1.5821905727179901,0.8362038218237062,,,,,,
83,1.5811678802344236,0.8476496969670144,,,,,,
84,1.5802448746837352,0.8740953094739917,,,,,,
85,1.5790364271087893,0.91725824930923,,,,,,
86,1.5779219133329228,0.8944205843470175,,,,,,
87,1.5768808390058797,0.8869056382207522,,,,,,
88,1.5759272038923653,0.8940328112007327,,,,,,
89,1.5746894563709315,0.916179234603596,,,,,,
90,1.5735525553914604,0.870473882756453,,,,,,
91,1.5724835496217433,0.8406791605235123,,,,,,
92,1.5714854168544088,0.8247342949447299,,,,,,
93,1.5705405128228977,0.8215902426712474,,,,,,
94,1.5696651841873341,0.8309016513812092,,,,,,
95,1.5688525945940526,0.8531550215263289,,,,,,
96,1.5678002892385086,0.8895404329046817,,,,,,
97,1.5668100243900949,0.8598627118864035,,,,,,
98,1.5658878926771123,0.8435952369723652,,,,,,
99,1.5650141680335272,0.8397523647524807,,,,,,
100,1.564206656297685,0.8479637438359536,,,,,,
101,1.5631620325192994,0.868642153832302,,,,,,
102,1.5624569641792567,0.8236821768076061,,,,,,
103,1.5615207780718319,0.8670517579013419,,,,,,
104,1.5606494708537904,0.8458080570887114,,,,,,
105,1.559820444678877,0.8365228004006491,,,,,,
106,1.5590500986586446,0.8385587631327593,,,,,,
107,1.5583239462581513,0.851976293915395,,,,,,
108,1.557377626957035,0.8773416102529152,,,,,,
109,1.5564856313821358,0.8353030850092965,,,,,,
110,1.5556524870331307,0.8060056603536121,,,,,,
111,1.5548538444958284,0.7879044842653773,,,,,,
112,1.5541025035766858,0.779956398627787,,,,,,
113,1.5533810601223033,0.7817382386820084,,,,,,
114,1.552708991765314,0.7932217084693978,,,,,,
115,1.5520742315668954,0.8149327551228195,,,,,,
116,1.5512459482743133,0.8478257057586024,,,,,,
117,1.550456993568311,0.8153756991962603,,,,,,
118,1.549716902847308,0.7938307315268089,,,,,,
119,1.5490039806462903,0.7821534276764571,,,,,,
120,1.548333676114634,0.7796858977872198,,,,,,
121,1.5476894272582744,0.7862942454786181,,,,,,
122,1.5470924452849903,0.8021703294443107,,,,,,
123,1.5463001608494893,0.8280178194275837,,,,,,
124,1.545561914570749,0.7892498637143439,,,,,,
125,1.5450422914891304,0.7611529867089624,,,,,,
126,1.5443639529432134,0.8114373845126226,,,,,,
127,1.5437098852412763,0.800358960486006,,,,,,
128,1.5430964752127387,0.7981520581162797,,,,,,
129,1.542506452018328,0.8047092785040608,,,,,,
130,1.541748557622446,0.8202085031104631,,,,,,
131,1.541212961602193,0.7709680374167204,,,,,,
132,1.54052043035796,0.802191352196236,,,,,,
133,1.539854853046646,0.7706762596185165,,,,,,
134,1.539226733543611,0.7483322604209961,,,,,,
135,1.5386162227240294,0.7342283334225997,,,,,,
136,1.5380372520615826,0.7276967702575109,,,,,,
137,1.5374734995167623,0.7284710449389064,,,,,,
138,1.5369420459791014,0.7364976564401529,,,,,,
139,1.5364290384547108,0.7520854843645675,,,,,,
140,1.5357761737259463,0.7757754826907102,,,,,,
141,1.53530783880862,0.738307660371894,,,,,,
142,1.5347023182497344,0.7761783434648812,,,,,,
143,1.5341154814189675,0.753452616946115,,,,,,
144,1.5335598056428734,0.7385204782687104,,,,,,
145,1.533017648443307,0.7308196949717568,,,,,,
146,1.5325039869356263,0.7299803089987987,,,,,,
147,1.532003664163275,0.7359704147418679,,,,,,
148,1.5315345157799956,0.7489311652988115,,,,,,
149,1.5310833606033185,0.7693310533117022,,,,,,
150,1.5304855502412786,0.7978470321620015,,,,,,
151,1.5299102714415629,0.7622610610768867,,,,,,
152,1.5293673536742884,0.7351891117688695,,,,,,
153,1.528983114741126,0.7156380445756942,,,,,,
154,1.52847581485974,0.767952458241298,,,,,,
155,1.5279810266877545,0.7610772446342794,,,,,,
156,1.5275141614478824,0.7609427959606607,,,,,,
157,1.5270598653838534,0.7675468064492328,,,,,,
158,1.5264708873360229,0.7810394984906419,,,,,,
159,1.526049914567582,0.7312494477906455,,,,,,
160,1.5255056000468319,0.7565340215323245,,,,,,
161,1.5251181342402813,0.7210431380100228,,,,,,
162,1.5246088368649144,0.7583739562863625,,,,,,
163,1.524113011224569,0.7352865596796473,,,,,,
164,1.5236422299886805,0.7189555791520673,,,,,,
165,1.523180637408091,0.7088554865555112,,,,,,
166,1.5227412491569208,0.7045909023849335,,,,,,
167,1.522310067935039,0.7060328581143309,,,,,,
168,1.5219017136181041,0.7131627367920184,,,,,,
169,1.5215034336735036,0.726209002349228,,,,,,
170,1.5209896212607135,0.7455256011300057,,,,,,
171,1.5206184019038187,0.704363290281979,,,,,,
172,1.5201374376113583,0.7341986944320014,,,,,,
173,1.519796281988378,0.7049590430378078,,,,,,
174,1.5193431071123975,0.7462100643707192,,,,,,
175,1.5188999936051164,0.7278466825060933,,,,,,
176,1.5184785936149126,0.7154764599781391,,,,,,
177,1.5180645090492106,0.7087400134708947,,,,,,
178,1.5176705162261677,0.7073753175965534,,,,,,
179,1.5172836115211312,0.7113506791347601,,,,,,
180,1.5169179966607085,0.7207227306378372,,,,,,
181,1.516561640380803,0.7357691503854833,,,,,,
182,1.5160881432731927,0.756874794999192,,,,,,
183,1.5157564172175213,0.7156078545823372,,,,,,
184,1.5153127814756449,0.7467164973459449,,,,,,
185,1.5148813929658436,0.7167615231630612,,,,,,
186,1.5144714940691766,0.6932228856807606,,,,,,
187,1.5140689032717547,0.6754258544913264,,,,,,
188,1.5136836899703368,0.662801603452417,,,,,,
189,1.5134077034641655,0.6549997938139588,,,,,,
190,1.513044012730198,0.7114160911590997,,,,,,
191,1.5126862375616117,0.7131129431197466,,,,,,
192,1.5123473656338113,0.7198241690581525,,,,,,
193,1.5120157769218034,0.7317371579242612,,,,,,
194,1.5115734155378122,0.7491217503205357,,,,,,
195,1.511262422858334,0.7042155388012027,,,,,,
196,1.510848280972986,0.7305487472263186,,,,,,
197,1.5104462760715736,0.6966173506924341,,,,,,
198,1.5101669267981868,0.669052720527333,,,,,,
199,1.509784124720812,0.7074513479196904,,,,,,
200,1.5094193328787058,0.6886486714349003,,,,,,
201,1.5090600207932396,0.674891839801451,,,,,,
202,1.5087159914987494,0.6657711448815127,,,,,,
203,1.5083760428596678,0.6610646797984328,,,,,,
204,1.5080505516075489,0.6606062326450559,,,,,,
205,1.5077291202755132,0.6643944614760189,,,,,,
206,1.5074229552264153,0.6724800839330611,,,,,,
207,1.5071221824249645,0.6850738180237117,,,,,,
208,1.506730853098107,0.7024520245971568,,,,,,
209,1.506445978758608,0.6616897250429755,,,,,,
210,1.5060764099801094,0.6867153846566009,,,,,,
211,1.5058084560715528,0.6553539344581383,,,,,,
212,1.5054564028183437,0.6884343297216334,,,,,,
213,1.505111062642792,0.6653126016953337,,,,,,
214,1.5047804715869366,0.6470615153940257,,,,,,
215,1.5045411986113744,0.6332362878304026,,,,,,
216,1.5042249767992237,0.680822093613453,,,,,,
217,1.5039125334664725,0.6744071799779136,,,,,,
218,1.5036134969982382,0.6720822886591693,,,,,,
219,1.5033179673587442,0.6738044915012269,,,,,,
220,1.503036200068164,0.6795715199092187,,,,,,
221,1.5027587883279432,0.6895249783802799,,,,,,
222,1.5023927496571348,0.7038562639974996,,,,,,
223,1.5021290468421018,0.659255840376598,,,,,,
224,1.501784490501259,0.6805568371771327,,,,,,
225,1.5015344353535602,0.6453683637546967,,,,,,
226,1.5012064154808418,0.6736998513215244,,,,,,
227,1.5009719391877643,0.6464737050045911,,,,,,
228,1.5006579683616397,0.6825433320426948,,,,,,
229,1.5003491565686384,0.6625624224831005,,,,,,
230,1.5000531019452843,0.6469235056293225,,,,,,
231,1.4997602872568516,0.6352869274993889,,,,,,
232,1.4994785296236255,0.6273555818892371,,,,,,
233,1.4991991507514715,0.6229670372957368,,,,,,
234,1.4989302467576089,0.6219907932190396,,,,,,
235,1.4986636513917657,0.6244160767761536,,,,,,
236,1.4984079115153033,0.6302616451257788,,,,,,
237,1.4981551701194424,0.6396618021144654,,,,,,
238,1.4979147073970034,0.6527854929955016,,,,,,
239,1.4976788805739565,0.6699229189125421,,,,,,
240,1.4973607212500668,0.6914153938251045,,,,,,
241,1.4970522525966394,0.6546189311538846,,,,,,
242,1.4968342107669992,0.6235180611579634,,,,,,
243,1.4965385215124678,0.6532014975259427,,,,,,
244,1.4962558002286177,0.6289142600726393,,,,,,
245,1.496049210590278,0.6089135940706069,,,,,,
246,1.495776622440537,0.6475377609254609,,,,,,
247,1.4955071797928354,0.6334934157157721,,,,,,
248,1.4952477864854348,0.6230129882750205,,,,,,
249,1.4949905191104873,0.615894133043475,,,,,,
250,1.4947424404766323,0.6119612920393728,,,,,,
251,1.4944961491084987,0.6111461837562644,,,,,,
252,1.4942589741814545,0.6134027557292666,,,,,,
253,1.4940238290690964,0.6187848601902304,,,,,,
254,1.4937984919981766,0.6273698392242245,,,,,,
255,1.493576064255367,0.6393354265073077,,,,,,
256,1.4932842565807722,0.6548928395696587,,,,,,
257,1.4930708296976676,0.6153526948290599,,,,,,
258,1.4927933943222838,0.636315706959222,,,,,,
259,1.4925892153174094,0.6041871263322671,,,,,,
260,1.4923230480070513,0.6306996564408824,,,,,,
261,1.4921294740682525,0.6048917488512754,,,,,,
262,1.4918728663058192,0.6375311408158842,,,,,,
263,1.4916199760971567,0.6174487559062005,,,,,,
264,1.4913764625950598,0.6010064808741676,,,,,,
265,1.4911996358798612,0.587889104339542,,,,,,
266,1.4909642166985453,0.6310032484729602,,,,,,
267,1.490730767538,0.6231107664994884,,,,,,
268,1.490505667114602,0.6182473947265893,,,,,,
269,1.4902821586166703,0.616333939632052,,,,,,
270,1.4900668116488216,0.6173081179091153,,,,,,
271,1.4898531644639343,0.6211964581660163,,,,,,
272,1.4896481175225056,0.6280427062185803,,,,,,
273,1.4894453834306713,0.6379783954195931,,,,,,
274,1.4891760193060344,0.6511595916005445,,,,,,
275,1.4889808952017514,0.6090320972455321,,,,,,
276,1.4887255523869425,0.6270778575916809,,,,,,
277,1.4885378289218407,0.5923487637070155,,,,,,
278,1.4882932079327416,0.615210302464995,,,,,,
279,1.488113535588762,0.5866544962918675,,,,,,
280,1.4878776135923186,0.6146437225854747,,,,,,
281,1.4877075006107645,0.5914816852510705,,,,,,
282,1.4874792156607228,0.6252696107170989,,,,,,
283,1.4872538625888707,0.6071111147683518,,,,,,
284,1.4870364757634056,0.5921980989703531,,,,,,
285,1.4868208863111514,0.5802737518565856,,,,,,
286,1.4866121392968847,0.5711030583197478,,,,,,
287,1.4864614370336535,0.5645323465305504,,,,,,
288,1.4862597763070946,0.6117235792863926,,,,,,
289,1.486059437216631,0.6099910942493235,,,,,,
290,1.4858661841964937,0.6109008980343928,,,,,,
291,1.485674340889218,0.6144762482111817,,,,,,
292,1.4854899297174968,0.6207530143632376,,,,,,
293,1.4853074128455754,0.6298423909601852,,,,,,
294,1.4850623442611528,0.6418741741783339,,,,,,
295,1.4848861895062109,0.5989767796188747,,,,,,
296,1.4846540675607836,0.6153627261898496,,,,,,
297,1.4844839284408422,0.5795937736329265,,,,,,
298,1.4842616331737573,0.6002083356439507,,,,,,
299,1.4840978334481052,0.5703386782307118,,,,,,
300,1.4838833576360808,0.5953567223150339,,,,,,
301,1.483726845590842,0.5705516027629451,,,,,,
302,1.4835189869637133,0.6004377689734817,,,,,,
303,1.4833140088327892,0.5801982354125534,,,,,,
304,1.4831695482996157,0.5630711747824185,,,,,,
305,1.4829700359231193,0.5995885878820751,,,,,,
306,1.4827772541823463,0.5865862367875412,,,,,,
307,1.4825858959731144,0.5762516915948459,,,,,,
308,1.4824004321567248,0.5683983520345443,,,,,,
309,1.4822159439437577,0.5629103019683979,,,,,,
310,1.482036934645463,0.5596820750339989,,,,,,
311,1.4818587375129513,0.5586710981345974,,,,,,
312,1.481685949593261,0.5598433353450669,,,,,,
313,1.481514056785436,0.5632238357928384,,,,,,
314,1.4813478350745908,0.5688466622135048,,,,,,
315,1.481182851396071,0.5768046328007489,,,,,,
316,1.4810241743597572,0.587202431584385,,,,,,
317,1.480867406209206,0.6002065805957227,,,,,,
318,1.4806557451943927,0.616002975166653,,,,,,
319,1.4805040737639572,0.5789546363048782,,,,,,
320,1.4803016342514461,0.5985787954157947,,,,,,
321,1.480155231627934,0.5672479424265839,,,,,,
322,1.4799600584800916,0.590800514347389,,,,,,
323,1.4798195827201077,0.5643361175227654,,,,,,
324,1.4796304237497018,0.5921585264346924,,,,,,
325,1.479444231044215,0.5700047822123642,,,,,,
326,1.4793131407021047,0.5509246655701951,,,,,,
327,1.4791316279503175,0.5843090393413012,,,,,,
328,1.4789561424393023,0.568955929176147,,,,,,
329,1.478782094875093,0.5561629884939703,,,,,,
330,1.4786131615503897,0.5457194239118821,,,,,,
331,1.4784451422851081,0.537477665419106,,,,,,
332,1.4782816958951068,0.5313002978352019,,,,,,
333,1.4781188857743301,0.5271044745026283,,,,,,
334,1.477960387914611,0.5248144997174633,,,,,,
335,1.477802436726576,0.5244040050949011,,,,,,
336,1.4776487754626044,0.5258526454165694,,,,,,
337,1.4774957396156512,0.5291869437916952,,,,,,
338,1.4773472048203347,0.5344400049050435,,,,,,
339,1.4771995551159425,0.5416918298621002,,,,,,
340,1.4770568822631258,0.5510312597662805,,,,,,
341,1.4769155826343947,0.5625965329959882,,,,,,
342,1.4767800743580934,0.5765389060617108,,,,,,
343,1.476592053916095,0.5930664653682736,,,,,,
344,1.4764605793499124,0.5585759147703205,,,,,,
345,1.4762799513426306,0.5784580719343246,,,,,,
346,1.4761527875324978,0.5489307807183187,,,,,,
347,1.4759780413586807,0.5723067527034909,,,,,,
348,1.4758558202342167,0.54703745625619,,,,,,
349,1.4756859555875803,0.5742403206252182,,,,,,
350,1.4755222326711825,0.5527592761579132,,,,,,
351,1.4754038910343408,0.5341031402069042,,,,,,
352,1.4752440129922986,0.5661671391262302,,,,,,
353,1.4750857416080578,0.5507833697272618,,,,,,
354,1.4749321585430697,0.5377318490548251,,,,,,
355,1.4747795831568442,0.5268377487878055,,,,,,
356,1.4746310579778514,0.5179370585488905,,,,,,
357,1.4745228724724222,0.5109130891946152,,,,,,
358,1.4743779662858327,0.5519097144618011,,,,,,
359,1.4742337116923554,0.5480565432280942,,,,,,
360,1.4740934606825964,0.5460507503603086,,,,,,
361,1.4739537907631743,0.545872232236682,,,,,,
362,1.473818115656005,0.5475050577947825,,,,,,
363,1.4736831005531033,0.5509753432152091,,,,,,
364,1.4735522759595345,0.5563139846081419,,,,,,
365,1.4734223513159654,0.5635939827497726,,,,,,
366,1.4732492547891611,0.5728966028062498,,,,,,
367,1.4731225366988123,0.5328491960464848,,,,,,
368,1.4730003682363564,0.5449660619387344,,,,,,
369,1.4728797609576016,0.5592769953802911,,,,,,
370,1.472715188772344,0.5759619438669684,,,,,,
371,1.472597920156763,0.5428684657023606,,,,,,
372,1.472439444489048,0.5625037391815406,,,,,,
373,1.4723257462731796,0.5338481299405599,,,,,,
374,1.4721721668877492,0.5565720306371287,,,,,,
375,1.4720625350221321,0.5317345081364862,,,,,,
376,1.4719130386053887,0.5578417209544543,,,,,,
377,1.4717658728772698,0.5363954966578063,,,,,,
378,1.471662301196755,0.5175832151086995,,,,,,
379,1.4715182625108914,0.5478460181354107,,,,,,
380,1.4713786494469285,0.5319218469008435,,,,,,
381,1.4712402220414682,0.5181807001206629,,,,,,
382,1.4711054898125393,0.506431915757696,,,,,,
383,1.4710069783134403,0.496529143429293,,,,,,
384,1.470874958657735,0.5331531068583178,,,,,,
385,1.4707435992984887,0.5258856755703216,,,,,,
386,1.4706155949627882,0.5203234777304245,,,,,,
387,1.470488066616272,0.516404997164789,,,,,,
388,1.4703637116627684,0.5140723965681835,,,,,,
389,1.4702397639737896,0.5133028488896906,,,,,,
390,1.4701189546755042,0.5140765499856816,,,,,,
391,1.4699985870244208,0.5164069627840755,,,,,,
392,1.4698814642614575,0.5203108324446853,,,,,,
393,1.4697649247002158,0.5258379074931151,,,,,,
394,1.4696518910176077,0.5330423919478449,,,,,,
395,1.4695397104466064,0.5420126778726744,,,,,,
396,1.469388953054581,0.5528451464667579,,,,,,
397,1.46927924004748,0.5158329682160385,,,,,,
398,1.4691734866036228,0.5290652285603579,,,,,,
399,1.469027942437303,0.5443680256969488,,,,,,
400,1.468924643671955,0.5126828157328102,,,,,,
401,1.468784191557181,0.5304353136575539,,,,,,
402,1.4686835101564886,0.5027331772896055,,,,,,
403,1.4685471366532752,0.5230283895478267,,,,,,
404,1.4684494110614077,0.49873578959918935,,,,,,
405,1.4683163984066967,0.5217871099897354,,,,,,
406,1.4682221559276485,0.5004870179802263,,,,,,
407,1.4680920138200209,0.5266311241061139,,,,,,
408,1.4679659558349403,0.5080449104034981,,,,,,
409,1.4678742866128556,0.4916703059250921,,,,,,
410,1.4677505651491678,0.5215725841147802,,,,,,
411,1.4676279444289795,0.5075831517411207,,,,,,
412,1.4675085176091467,0.49544854292404444,,,,,,
413,1.467422247333519,0.4850294511337741,,,,,,
414,1.4673049775758986,0.5201188824209863,,,,,,
415,1.4671883243840054,0.5119835827229213,,,,,,
416,1.467074514652485,0.5054121787593636,,,,,,
417,1.4669611331740697,0.5003368211403573,,,,,,
418,1.466850394547702,0.49669283998405805,,,,,,
419,1.4667399888549335,0.4944448512762782,,,,,,
420,1.4666321395800999,0.4935598121908819,,,,,,
421,1.4665246057716623,0.49403199584524915,,,,,,
422,1.4664196455867962,0.49585785194561655,,,,,,
423,1.466315057728045,0.4990603147321229,,,,,,
424,1.4662131659361117,0.503664969740031,,,,,,
425,1.4661117849266723,0.5097241190685493,,,,,,
426,1.4660133415377405,0.5172938543878628,,,,,,
427,1.465915648236251,0.5264582954914622,,,,,,
428,1.4657828493465255,0.5373084085160467,,,,,,
429,1.4656870932527741,0.5013799468526737,,,,,,
430,1.4655946662880301,0.514295567528244,,,,,,
431,1.4654662375908567,0.5290850977743233,,,,,,
432,1.4653757394570959,0.4979328835680049,,,,,,
433,1.465251719867884,0.5148306228865892,,,,,,
434,1.4651632698574575,0.4873489907449734,,,,,,
435,1.465042789207838,0.5064244931659899,,,,,,
436,1.4649566322970953,0.482081926228075,,,,,,
437,1.4648390574595074,0.5035000677210537,,,,,,
438,1.4647555704249215,0.48189615158617394,,,,,,
439,1.464640448504563,0.5059182359138152,,,,,,
440,1.4645288967989232,0.48676739967776256,,,,,,
441,1.4644470660753925,0.4697344277640708,,,,,,
442,1.4643374272278364,0.49674267424381485,,,,,,
443,1.4642288598850952,0.4817975557215963,,,,,,
444,1.4641517306316152,0.4686068270698334,,,,,,
445,1.4640448201147251,0.49930978928102426,,,,,,
446,1.463940580078846,0.48806629854267713,,,,,,
447,1.4638369333504577,0.4783569865036847,,,,,,
448,1.4637356130580839,0.47007274057005954,,,,,,
449,1.4636346849087822,0.46313179017830547,,,,,,
450,1.463535854351924,0.45745616564226205,,,,,,
451,1.4634641580735195,0.4529903897009276,,,,,,
452,1.4633672383286482,0.4907567549191511,,,,,,
453,1.4632706113064184,0.4884018677254148,,,,,,
454,1.4631761476265792,0.4872819024719032,,,,,,
455,1.4630819557544055,0.4873891528336922,,,,,,
456,1.462989929668174,0.48871738299942125,,,,,,
457,1.4628982114869602,0.4912822545427787,,,,,,
458,1.4628087414941546,0.4951012067077112,,,,,,
459,1.4627196765663448,0.5002136240706099,,,,,,
460,1.4626330305982258,0.5066614431636858,,,,,,
461,1.4625138597874057,0.5145106488218072,,,,,,
462,1.4624286920814045,0.4775116618167175,,,,,,
463,1.4623441550354461,0.48712599771716214,,,,,,
464,1.4622313476825108,0.49822251549402546,,,,,,
465,1.462148206713417,0.46615734853459856,,,,,,
466,1.4620677390942036,0.47891705239403426,,,,,,
467,1.4619579525471547,0.49334473500151127,,,,,,
468,1.4618789344128382,0.4651092812303561,,,,,,
469,1.461801193034478,0.48127847293272796,,,,,,
470,1.4616950263530148,0.49939607446395745,,,,,,
471,1.4616190919994767,0.4742310817494203,,,,,,
472,1.4615155745294317,0.4943533166184295,,,,,,
473,1.4614417046881858,0.47179866733436204,,,,,,
474,1.4613404049453453,0.49412144800784713,,,,,,
475,1.461240731721306,0.47387733914898156,,,,,,
476,1.4611695555458593,0.455732094015872,,,,,,
477,1.4610715311373803,0.4804073272936732,,,,,,
478,1.4609761999560147,0.4641660376892531,,,,,,
479,1.4609066911970994,0.44965768572614706,,,,,,
480,1.4608127310440342,0.4771849006751681,,,,,,
481,1.4607195405486595,0.464367334048232,,,,,,
482,1.460628496842126,0.4530231536661501,,,,,,
483,1.4605622736768453,0.44304257697317406,,,,,,
484,1.460472478942295,0.47433158104444767,,,,,,
485,1.4603831308563078,0.46595224561849613,,,,,,
486,1.4602956736637152,0.4588063766952708,,,,,,
487,1.4602085200873731,0.4528310110794032,,,,,,
488,1.4601230929712434,0.4479657918427169,,,,,,
489,1.4600378805104282,0.44416931673155724,,,,,,
490,1.4599542944124393,0.44140203715765103,,,,,,
491,1.459870876443595,0.4396416802702622,,,,,,
492,1.459789039169394,0.43886742838384296,,,,,,
493,1.4597073597991153,0.43907470277876176,,,,,,
494,1.4596272654183133,0.4402602966632195,,,,,,
495,1.4595473533700412,0.44243677264369546,,,,,,
496,1.459469080845835,0.4456182824453936,,,,,,
497,1.4593910522637634,0.4498348107808485,,,,,,
498,1.4593147729948637,0.45511845664496536,,,,,,
499,1.459238843487612,0.4615177517033788,,,,,,
500,1.4591648387647673,0.4690842059361404,,,,,,
501,1.459091346384442,0.477886938183421,,,,,,
502,1.4589915311854753,0.48800018355538466,,,,,,
503,1.4589191227571836,0.4554706424080405,,,,,,
504,1.45884888927183,0.46700421227915817,,,,,,
505,1.458751964272329,0.4799883948278332,,,,,,
506,1.4586828007108565,0.45115690695050514,,,,,,
507,1.458614608527121,0.46558205118545215,,,,,,
508,1.458520951896188,0.4816703420930055,,,,,,
509,1.458454044768774,0.45577179021200864,,,,,,
510,1.4583628510838207,0.4734656462339803,,,,,,
511,1.458297376981712,0.45009907214992134,,,,,,
512,1.4582082208779017,0.4695190213382486,,,,,,
513,1.458144393415194,0.44836071133646827,,,,,,
514,1.4580569538892647,0.46968606535519625,,,,,,
515,1.4579708792033015,0.45048801079398254,,,,,,
516,1.4579090902390628,0.4331836969686587,,,,,,
517,1.4578242944350215,0.4564361978026038,,,,,,
518,1.4577417198161837,0.4407438303398526,,,,,,
519,1.457681125635853,0.426623887912887,,,,,,
520,1.4575996007929852,0.45222386362394684,,,,,,
521,1.4575187524352375,0.4395190109918598,,,,,,
522,1.4574396706082937,0.42815155688880074,,,,,,
523,1.4573813813744323,0.41801937901640634,,,,,,
524,1.4573032168037134,0.4465858097205206,,,,,,
525,1.4572254514495686,0.43775378612215854,,,,,,
526,1.4571492173842797,0.430026374888852,,,,,,
527,1.4570732533425272,0.4233400827521027,,,,,,
528,1.4569986678203763,0.4176342241728131,,,,,,
529,1.45694435067355,0.4128621782320247,,,,,,
530,1.4568708456544561,0.4463440662376699,,,,,,
531,1.4567975264545274,0.44302362466436457,,,,,,
532,1.456725589843388,0.44063592392627615,,,,,,
533,1.4566538047227655,0.43916391875987926,,,,,,
534,1.4565833693597678,0.43859154632099695,,,,,,
535,1.4565130793786865,0.43891609996457653,,,,,,
536,1.456444145164041,0.4401358323542554,,,,,,
537,1.4563753774946222,0.4422620134710038,,,,,,
538,1.456308010855466,0.4453070581176634,,,,,,
539,1.4562408611866895,0.44929646393872597,,,,,,
540,1.4561752008285545,0.4542572745444872,,,,,,
541,1.4561098422983487,0.46023008951681776,,,,,,
542,1.4560214433134215,0.4672584473995799,,,,,,
543,1.4559569494106865,0.4333781230592599,,,,,,
544,1.4558940255517094,0.44161506561353203,,,,,,
545,1.4558315689697643,0.45096594372990423,,,,,,
546,1.4557467008508984,0.46150440191572123,,,,,,
547,1.4556850285431928,0.43166398053098215,,,,,,
548,1.4556251619087635,0.4433558161773419,,,,,,
549,1.4555423561031082,0.45637453106584247,,,,,,
550,1.4554832994680171,0.4295452881992988,,,,,,
551,1.455402920550376,0.44376746049166244,,,,,,
552,1.4553447328086153,0.41952769639664894,,,,,,
553,1.4552875262154743,0.43499299616894743,,,,,,
554,1.4552091233440934,0.45209574573948685,,,,,,
555,1.4551530365422778,0.42986149926004724,,,,,,
556,1.455076258990491,0.44843603159223105,,,,,,
557,1.4550214605622995,0.4281172064798495,,,,,,
558,1.4549460555519158,0.44831839373314986,,,,,,
559,1.4548718444851079,0.4296994541631838,,,,,,
560,1.4548185326170848,0.4128307221740332,,,,,,
561,1.4547453395000411,0.4345573762432226,,,,,,
562,1.4546740134727305,0.4190757987087544,,,,,,
563,1.45462148402935,0.40505316308536454,,,,,,
564,1.4545509747561642,0.4286437970293106,,,,,,
565,1.4544810839070341,0.4158161386101416,,,,,,
566,1.4544308857590158,0.40422725303028645,,,,,,
567,1.4543616913867654,0.430153878268026,,,,,,
568,1.4542939462826028,0.4196693791605982,,,,,,
569,1.4542265753034398,0.4102729117133998,,,,,,
570,1.4541604585172756,0.4018857015441439,,,,,,
571,1.454111867020992,0.39444227626764283,,,,,,
572,1.4540464394317942,0.42340363447692936,,,,,,
573,1.4539812425576852,0.4170366049367121,,,,,,
574,1.4539171992536388,0.411549370333463,,,,,,
575,1.4538533162499014,0.406902686283984,,,,,,
576,1.4537905020025532,0.40305892327276016,,,,,,
577,1.4537278025231766,0.399991370435901,,,,,,
578,1.4536661177568198,0.39767457783017796,,,,,,
579,1.453604522263368,0.3960931174532246,,,,,,
580,1.4535439139361557,0.395232625732939,,,,,,
581,1.4534833866948598,0.3950881807697626,,,,,,
582,1.4534238434263145,0.3956558705440465,,,,,,
583,1.453364389389121,0.39694092705328343,,,,,,
584,1.4533059402037745,0.398949672703537,,,,,,
585,1.4532476053640158,0.4016975415967171,,,,,,
586,1.4531903218624678,0.40520127507881337,,,,,,
587,1.4531331970968209,0.409486956841101,,,,,,
588,1.4530771992753022,0.414582340443812,,,,,,
589,1.453021428100191,0.420525027793426,,,,,,
590,1.4529668944783265,0.4273548177730262,,,,,,
591,1.4529126856262704,0.4351221672562356,,,,,,
592,1.4528385431197524,0.443881086464524,,,,,,
593,1.4527849081251651,0.4136120722452658,,,,,,
594,1.452732643408176,0.4233113507486556,,,,,,
595,1.4526606111017573,0.4340910547725585,,,,,,
596,1.4526088850271495,0.40686737355847485,,,,,,
597,1.45255772055435,0.41857306886912077,,,,,,
598,1.4524879974176594,0.43148956966638613,,,,,,
599,1.4524374564563958,0.40667520851695077,,,,,,
600,1.452369587874107,0.42058652947087355,,,,,,
601,1.4523197233664642,0.39797084167336616,,,,,,
602,1.4522533888291302,0.41292335947501385,,,,,,
603,1.4522042787418947,0.3922100989515273,,,,,,
604,1.4521570177856291,0.4082813927889552,,,,,,
605,1.4520910220903602,0.42596774016549177,,,,,,
606,1.452027049707086,0.40660154545130045,,,,,,
607,1.451979793773058,0.3890044211560762,,,,,,
608,1.4519167485127726,0.40768336433929736,,,,,,
609,1.4518706530545251,0.39139019121195445,,,,,,
610,1.4518084117831767,0.4116221069580604,,,,,,
611,1.451763688695247,0.3965116034768951,,,,,,
612,1.4517021570643613,0.41851582662235043,,,,,,
613,1.4516412879100085,0.4045012930107125,,,,,,
614,1.4515817606669348,0.391736359149494,,,,,,
615,1.4515378321989143,0.38011965067958947,,,,,,
616,1.4514788374777727,0.40362329659535473,,,,,,
617,1.4514202561084761,0.39290758962238403,,,,,,
618,1.4513784327535817,0.38318993441091226,,,,,,
619,1.451320329533964,0.4089863305302489,,,,,,
620,1.4512633305766094,0.40014054122317255,,,,,,
621,1.4512065903240021,0.39219106205298526,,,,,,
622,1.451150822301673,0.385079140106716,,,,,,
623,1.4510952333509899,0.3787564341355389,,,,,,
624,1.451055342451175,0.37317618377135775,,,,,,
625,1.4510002688871353,0.40201764645368465,,,,,,
626,1.4509461120810856,0.3973524477183556,,,,,,
627,1.450892072576432,0.3934070751784308,,,,,,
628,1.4508388907721521,0.390153118629143,,,,,,
629,1.4507857948656535,0.38757048990313175,,,,,,
630,1.4507335190950854,0.3856400607192329,,,,,,
631,1.45068131182915,0.3843503981970471,,,,,,
632,1.4506299059954078,0.38369091533878574,,,,,,
633,1.4505785636122934,0.38365831575576653,,,,,,
634,1.4505280215208338,0.38425012722160207,,,,,,
635,1.4504775496096483,0.3854709641880578,,,,,,
636,1.4504278943109357,0.387326332282519,,,,,,
637,1.450378328190838,0.38982881010886894,,,,,,
638,1.450329613540235,0.3929920245178978,,,,,,
639,1.4502810209025183,0.39683685084182685,,,,,,
640,1.4502333354809565,0.40138546606525366,,,,,,
641,1.4501858215536128,0.4066676688880295,,,,,,
642,1.4501392953463499,0.41271492118213976,,,,,,
643,1.4500750523789119,0.41956753673467717,,,,,,
644,1.4500289250676084,0.38949199311076743,,,,,,
645,1.4499830554739441,0.39710633785267063,,,,,,
646,1.4499382546620285,0.4055702752762265,,,,,,
647,1.449876172130069,0.4149418858304492,,,,,,
648,1.449831736301475,0.387819369142668,,,,,,
649,1.4497876968628503,0.3979172813741982,,,,,,
650,1.4497277087393263,0.40901422017204625,,,,,,
651,1.4496840745701765,0.38424266661821455,,,,,,
652,1.4496416887713681,0.3960883009498512,,,,,,
653,1.4495826269229892,0.4090633031664064,,,,,,
654,1.4495407031544685,0.38615714081040636,,,,,,
655,1.44948305703801,0.39996319647985673,,,,,,
656,1.449441650259115,0.3788971946412549,,,,,,
657,1.4493851863999099,0.3935865272523542,,,,,,
658,1.449344367771874,0.374123334034247,,,,,,
659,1.4492888989180557,0.3897719141840615,,,,,,
660,1.4492487571955421,0.37171367296408403,,,,,,
661,1.4491941321258772,0.38842164694728964,,,,,,
662,1.4491547764037214,0.37160487171619655,,,,,,
663,1.4491008724639214,0.3894978176482461,,,,,,
664,1.449062436391875,0.3737894713480947,,,,,,
665,1.4490091541334937,0.3930204992088088,,,,,,
666,1.4489571739065532,0.37831566236701375,,,,,,
667,1.4489190253889221,0.36485559600477996,,,,,,
668,1.4488675291406046,0.38522606673772264,,,,,,
669,1.4488165315871535,0.3726069955472868,,,,,,
670,1.4487795975240048,0.3610516317391082,,,,,,
671,1.4487289882597376,0.3828604720697177,,,,,,
672,1.4486793792528916,0.37204492859639404,,,,,,
673,1.4486433171188529,0.3621571105155001,,,,,,
674,1.4485940615902955,0.3857782151480008,,,,,,
675,1.448545095683276,0.37658527014421644,,,,,,
676,1.4484969826198684,0.36821681487563557,,,,,,
677,1.4484490747728953,0.3606193326682466,,,,,,
678,1.4484145220082898,0.35374145156953263,,,,,,
679,1.4483669418332665,0.37942260535150324,,,,,,
680,1.4483201320578054,0.3732226737616597,,,,,,
681,1.4482734537621011,0.3676952857553657,,,,,,
682,1.4482274761814542,0.36280498861169974,,,,,,
683,1.4481815898625174,0.3585231542725277,,,,,,
684,1.4481363530260827,0.3548224837144614,,,,,,
685,1.4480911793339455,0.3516817580047838,,,,,,
686,1.448046618987696,0.34908088055542585,,,,,,
687,1.448002103326456,0.3470052752233967,,,,,,
688,1.447958177687162,0.34544135189071107,,,,,,
689,1.4479142863449277,0.3443806392287848,,,,,,
690,1.4478709730798716,0.34381557795480056,,,,,,
691,1.4478276908926755,0.34374346506775877,,,,,,
692,1.4477849854936558,0.3441624931291387,,,,,,
693,1.4477423148061885,0.34507557552036716,,,,,,
694,1.4477002301890707,0.34648656010618295,,,,,,
695,1.4476581910035198,0.3484040008831844,,,,,,
696,1.447616758283928,0.3508374811535366,,,,,,
697,1.4475753896020978,0.35380139554165013,,,,,,
698,1.4475346601096295,0.3573113218449773,,,,,,
699,1.4474940225867556,0.3613878786905115,,,,,,
700,1.4474540712982484,0.36605308685268256,,,,,,
701,1.4474142514535016,0.3713343718757037,,,,,,
702,1.4473751821649175,0.37726085500141143,,,,,,
703,1.4473362985491256,0.38386757713781877,,,,,,
704,1.447283403345322,0.39119210905983676,,,,,,
705,1.4472447844071417,0.36406782146869315,,,,,,
706,1.4472069795094034,0.37195363210717647,,,,,,
707,1.4471694509455977,0.38060957274846285,,,,,,
708,1.4471179727175065,0.3900877432369067,,,,,,
709,1.447080701085283,0.3651858938293734,,,,,,
710,1.4470443614549438,0.37522452952362945,,,,,,
711,1.4469938524136075,0.3861740842882361,,,,,,
712,1.4469577848220079,0.3631536353619649,,,,,,
713,1.446908611958635,0.3746970656904411,,,,,,
714,1.4468728434455371,0.35353303846170775,,,,,,
715,1.4468375634257413,0.3656895546379055,,,,,,
716,1.446789353913365,0.37892763421007025,,,,,,
717,1.446754459316485,0.3589992871410772,,,,,,
718,1.4467071824366067,0.37295682989320217,,,,,,
719,1.4466727266708574,0.3544196905918011,,,,,,
720,1.4466262403334216,0.36916156089083696,,,,,,
721,1.4465922880817623,0.35184718063683534,,,,,,
722,1.4465464758078501,0.3674559895646812,,,,,,
723,1.446513104806133,0.35122249432672814,,,,,,
724,1.4464678704990015,0.3677995043924541,,,,,,
725,1.4464351741537314,0.352528541305008,,,,,,
726,1.446390438212143,0.3701951237094635,,,,,,
727,1.4463462895134638,0.3557900531385295,,,,,,
728,1.446314224291223,0.3425514074529277,,,,,,
729,1.4462704520741434,0.36102066158909096,,,,,,
730,1.4462393108708893,0.34849344041148905,,,,,,
731,1.4461958693314605,0.3683779324412532,,,,,,
732,1.446153337184464,0.35651443964262075,,,,,,
733,1.4461226454737264,0.34559413208302353,,,,,,
734,1.4460803879996245,0.3667336604792288,,,,,,
735,1.4460384494950094,0.3563989157674645,,,,,,
736,1.4459972633879832,0.3468923514592368,,,,,,
737,1.4459672489742201,0.33815524889193266,,,,,,
738,1.4459262932924362,0.36060476361051413,,,,,,
739,1.4458855497303422,0.35238917590310437,,,,,,
740,1.445845459876907,0.3448656621532195,,,,,,
741,1.445805522161669,0.3379911958717034,,,,,,
742,1.4457766977916846,0.33172449038515134,,,,,,
743,1.4457369806393003,0.3559328914409256,,,,,,
744,1.4456978604285173,0.3501876309345171,,,,,,
745,1.44565883943106,0.34501341164738547,,,,,,
746,1.4456203627777107,0.3403808193209935,,,,,,
747,1.4455819549785824,0.3362654723457231,,,,,,
748,1.4455440518166354,0.3326441887253822,,,,,,
749,1.4455061955903692,0.32949824984223375,,,,,,
750,1.4454688148622257,0.32680998272158546,,,,,,
751,1.4454415857146894,0.32456521597241794,,,,,,
752,1.445404584841933,0.3521370159036171,,,,,,
753,1.445367619849613,0.3506123989695443,,,,,,
754,1.4453311560250712,0.34955158832235766,,,,,,
755,1.445294722158828,0.3489496821419026,,,,,,
756,1.4452587834933235,0.34880238825290205,,,,,,
757,1.4452228744176308,0.3491093734238322,,,,,,
758,1.4451874628518235,0.3498709252659035,,,,,,
759,1.4451520859964824,0.35109122253848773,,,,,,
760,1.4451172173503068,0.3527751106786234,,,,,,
761,1.4450823943436324,0.35493134925227304,,,,,,
762,1.445048099195118,0.35756944621206516,,,,,,
763,1.44501386715275,0.36070293811250737,,,,,,
764,1.4449801926145642,0.3643462302566693,,,,,,
765,1.4449466063863412,0.36851796693856304,,,,,,
766,1.444900786885898,0.37323819899845767,,,,,,
767,1.444867428454634,0.34497274048969606,,,,,,
768,1.444834635347457,0.35018742071611925,,,,,,
769,1.4448019691168699,0.35596279266538083,,,,,,
770,1.444769927336842,0.3623278957440777,,,,,,
771,1.4447254556264777,0.36931689509808324,,,,,,
772,1.4446935648862318,0.34365801402910134,,,,,,
773,1.4446618596741698,0.3510651700240123,,,,,,
774,1.4446190044641258,0.35913829642780626,,,,,,
775,1.4445874547902304,0.33565011649920284,,,,,,
776,1.4445565791282617,0.34411912418573504,,,,,,
777,1.4445259736489169,0.3533151822225938,,,,,,
778,1.4444838562257338,0.36329045940004134,,,,,,
779,1.4444534256319317,0.34121601632565773,,,,,,
780,1.4444124294807656,0.35162695013035844,,,,,,
781,1.4443821911121724,0.3312701262290474,,,,,,
782,1.4443527505965663,0.34212761386866786,,,,,,
783,1.4443121341534737,0.35389464430909306,,,,,,
784,1.4442829267191566,0.3346411254947349,,,,,,
785,1.4442431143828598,0.34692755524199953,,,,,,
786,1.444214175094908,0.32897021055153286,,,,,,
787,1.4441857336102448,0.3418187743150325,,,,,,
788,1.4441464164759883,0.35576501834199487,,,,,,
789,1.4441183327966225,0.3385109599828688,,,,,,
790,1.4440795982678483,0.35314865622976643,,,,,,
791,1.4440519280469388,0.33689313869069604,,,,,,
792,1.4440136928140488,0.35230038221812987,,,,,,
793,1.443976074281208,0.3369321090526391,,,,,,
794,1.4439486945421565,0.3227918751985589,,,,,,
795,1.4439114469120233,0.3385819102156918,,,,,,
796,1.4438846201864428,0.32514986372177146,,,,,,
797,1.4438476925532873,0.3419132120253864,,,,,,
798,1.4438115835799006,0.3291210639481001,,,,,,
799,1.4437848378089115,0.31731154328560013,,,,,,
800,1.4437489762899642,0.3347364546768425,,,,,,
801,1.4437229729600096,0.3234546200056715,,,,,,
802,1.4436873289272212,0.342140513762954,,,,,,
803,1.4436519988488952,0.3313517844357107,,,,,,
804,1.443626744933705,0.3213712584584606,,,,,,
805,1.4435915853143408,0.3411106224234305,,,,,,
806,1.443557058509246,0.3315636797049072,,,,,,
807,1.4435227461262663,0.3227341430525129,,,,,,
808,1.4434979599073798,0.31457111179717884,,,,,,
809,1.4434637858648298,0.33533164370036944,,,,,,
810,1.4434301577525392,0.3275509488279398,,,,,,
811,1.4433966756067265,0.3203737682770576,,,,,,
812,1.4433726746132343,0.31376102151637525,,,,,,
813,1.443339326560189,0.33601381471716646,,,,,,
814,1.4433064698727067,0.32978205601113325,,,,,,
815,1.443273711358311,0.3240745946640586,,,,,,
816,1.443241395634066,0.3188621862777462,,,,,,
817,1.4432091493449157,0.31411960617496787,,,,,,
818,1.4431773078932721,0.3098229220795965,,,,,,
819,1.4431540281666009,0.3059512620254896,,,,,,
820,1.443122381798336,0.3301164180133456,,,,,,
821,1.4430907807549935,0.32669768266821775,,,,,,
822,1.44305957979817,0.3236978674373252,,,,,,
823,1.4430284096209065,0.3211034809341311,,,,,,
824,1.442997619956407,0.31890178415061704,,,,,,
825,1.4429668510163072,0.31708303045240577,,,,,,
826,1.442936449144605,0.31563817000688366,,,,,,
827,1.4429060617518266,0.3145609262086788,,,,,,
828,1.4428760334692705,0.3138456869432221,,,,,,
829,1.4428460168045611,0.31348946109353115,,,,,,
830,1.4428163564043908,0.3134899113655132,,,,,,
831,1.4427867079410404,0.3138472305214653,,,,,,
832,1.4427574178760119,0.31456227528791725,,,,,,
833,1.4427281432455985,0.3156383994466427,,,,,,
834,1.4426992342235394,0.3170796516287447,,,,,,
835,1.4426703475126779,0.3188926011835586,,,,,,
836,1.4426418390286158,0.321084564647229,,,,,,
837,1.4426133635259042,0.3236654603218518,,,,,,
838,1.442585284866817,0.32664602902125556,,,,,,
839,1.4425572543128073,0.33003975451446027,,,,,,
840,1.4425296461065817,0.33386104385674326,,,,,,
841,1.442502106537903,0.33812725333290916,,,,,,
842,1.442475022960219,0.3428567922804278,,,,,,
843,1.4424374074689699,0.348071657318697,,,,,,
844,1.4424104313093302,0.32243433459473847,,,,,,
845,1.4423835541058214,0.32798159683091455,,,,,,
846,1.4423571545317588,0.33403134279368935,,,,,,
847,1.442320754701212,0.34061262765425815,,,,,,
848,1.4422944366940667,0.31710676247865366,,,,,,
849,1.4422682606313832,0.32397474042931473,,,,,,
850,1.4422426058044144,0.33140907609349485,,,,,,
851,1.4422070155732818,0.33944698048068334,,,,,,
852,1.4421814395610395,0.3174864320439562,,,,,,
853,1.4421560652565826,0.32580823211983684,,,,,,
854,1.4421214324858123,0.3347879284025892,,,,,,
855,1.44209615718694,0.31426561859642027,,,,,,
856,1.4420714716192244,0.3235438122492762,,,,,,
857,1.442037274966398,0.33354977636957406,,,,,,
858,1.4420127046992388,0.3141796443264324,,,,,,
859,1.4419884376070338,0.32452062471542426,,,,,,
860,1.4419548427714521,0.33567505953004534,,,,,,
861,1.441930732150261,0.31721805962538213,,,,,,
862,1.4418977937173714,0.32876792738571264,,,,,,
863,1.4418738652299934,0.3114730155914576,,,,,,
864,1.441841488553129,0.3234531585023491,,,,,,
865,1.44181777116232,0.30718390667433526,,,,,,
866,1.4417858770961982,0.3196377199984928,,,,,,
867,1.441762403521707,0.3042752750002879,,,,,,
868,1.4417309253204744,0.3172549030339146,,,,,,
869,1.441707732710468,0.30269582050785504,,,,,,
870,1.4416766135939454,0.3162625650581194,,,,,,
871,1.441653744428057,0.3024170257331099,,,,,,
872,1.4416229356683992,0.3166419691919907,,,,,,
873,1.44160043892536,0.30343232484298144,,,,,,
874,1.4415698983451422,0.31839717722132843,,,,,,
875,1.4415478309863505,0.3057567854649835,,,,,,
876,1.4415175217887592,0.32155497223275875,,,,,,
877,1.4414875753887555,0.3094276430157805,,,,,,
878,1.4414658405854333,0.29818918766647196,,,,,,
879,1.441436067613599,0.3144688657671478,,,,,,
880,1.4414068769906154,0.30364920485436603,,,,,,
881,1.4413852646224026,0.2936079086895406,,,,,,
882,1.441356210439538,0.31052965290687395,,,,,,
883,1.4413352518921685,0.3008382556607816,,,,,,
884,1.4413063162021669,0.318978314662867,,,,,,
885,1.4412776001485452,0.3096183012725107,,,,,,
886,1.4412493602740426,0.30091674326762496,,,,,,
887,1.4412286498419118,0.2928285959424609,,,,,,
888,1.4412005013372968,0.3116261981354523,,,,,,
889,1.4411725073944113,0.30381557250524355,,,,,,
890,1.4411449264182594,0.2965586173551254,,,,,,
891,1.4411246787012997,0.2898200117493084,,,,,,
892,1.4410971800077854,0.30963399119413204,,,,,,
893,1.4410697894582973,0.3031554282248603,,,,,,
894,1.4410427701179345,0.29715348833223304,,,,,,
895,1.4410158299074258,0.29160097499582166,,,,,,
896,1.4409963002523587,0.28647185200859404,,,,,,
897,1.4409694446595693,0.30754675019816047,,,,,,
898,1.4409429349839944,0.30269365543491017,,,,,,
899,1.4409164784550546,0.2982424554880193,,,,,,
900,1.4408903390978414,0.2941734581242506,,,,,,
901,1.4408642364900957,0.29046954013931514,,,,,,
902,1.4408384283347087,0.2871145336721271,,,,,,
903,1.4408196461179135,0.28409416910215946,,,,,,
904,1.4407939837309458,0.3070999987782828,,,,,,
905,1.4407683445897321,0.3044484063474546,,,,,,
906,1.4407430028463846,0.3021330197213467,,,,,,
907,1.4407176758807352,0.30014471656388464,,,,,,
908,1.4406926345242406,0.2984749808465441,,,,,,
909,1.4406676021550773,0.29711731655873846,,,,,,
910,1.440642847437377,0.2960658074710888,,,,,,
911,1.4406180982476362,0.29531642339863184,,,,,,
912,1.4405936222535267,0.2948657002000596,,,,,,
913,1.4405691504487654,0.29471196863422505,,,,,,
914,1.4405449507043935,0.29485412389725857,,,,,,
915,1.4405207558430995,0.29529280478263614,,,,,,
916,1.4404968351817293,0.29602922476405347,,,,,,
917,1.440472922155887,0.2970663277589046,,,,,,
918,1.440449288830351,0.29840765455822044,,,,,,
919,1.4404256680935263,0.3000585008993004,,,,,,
920,1.4404023361409086,0.3020247940333429,,,,,,
921,1.4403790241972592,0.30431427899569014,,,,,,
922,1.4403560140777556,0.3069353803463107,,,,,,
923,1.440333034262484,0.30989844348392054,,,,,,
924,1.4403103738125989,0.31321455611869886,,,,,,
925,1.4402877574139576,0.31689687324231147,,,,,,
926,1.4402569447761682,0.32095962331014205,,,,,,
927,1.440234413807917,0.29660350405538,,,,,,
928,1.440212204727963,0.3009206953398855,,,,,,
929,1.4401900588353733,0.30562475371915676,,,,,,
930,1.4401682648478833,0.3107345165421955,,,,,,
931,1.4401382745707099,0.31627142101018546,,,,,,
932,1.4401165223097374,0.29383767513735565,,,,,,
933,1.4400948595300338,0.29957014708832064,,,,,,
934,1.4400735717394695,0.30575111780022696,,,,,,
935,1.4400443212411345,0.31240755594908576,,,,,,
936,1.4400230662458269,0.29147994494037377,,,,,,
937,1.4400019359491854,0.29831329988332705,,,,,,
938,1.4399812188939676,0.305656371600757,,,,,,
939,1.439952450554063,0.3135426697353214,,,,,,
940,1.4399317699045586,0.2936902685707671,,,,,,
941,1.43991126155247,0.30176372049781963,,,,,,
942,1.4398831586652945,0.3104294288735012,,,,,,
943,1.439862704783002,0.2916874390452819,,,,,,
944,1.4398427196609669,0.30055932811664315,,,,,,
945,1.4398149011300514,0.310084130745862,,,,,,
946,1.439794984376524,0.29223136154297563,,,,,,
947,1.4397677527167239,0.30199693385473747,,,,,,
948,1.4397479206690083,0.2852797166785049,,,,,,
949,1.4397283516567732,0.29530537995088074,,,,,,
950,1.4397014627154385,0.30608669878136907,,,,,,
951,1.439682012308721,0.28993409568355216,,,,,,
952,1.4396555605575154,0.3010365373114077,,,,,,
953,1.4396362500444044,0.2857692561547688,,,,,,
954,1.4396101764722302,0.29722802677951615,,,,,,
955,1.4395910291350402,0.2827466570625386,,,,,,
956,1.4395652834000743,0.29460292751679445,,,,,,
957,1.439546324930832,0.28081977291025634,,,,,,
958,1.4395208637138095,0.29312094940448197,,,,,,
959,1.4395021227431333,0.27995868226427756,,,,,,
960,1.439476908426253,0.2927588066676081,,,,,,
961,1.4394584171824567,0.2801493449114357,,,,,,
962,1.4394334167861005,0.2935096292536706,,,,,,
963,1.4394152119085306,0.28139320740964013,,,,,,
964,1.439390396234626,0.29538271120784554,,,,,,
965,1.4393725197744787,0.28370712354564903,,,,,,
966,1.4393478627183942,0.2984035867357074,,,,,,
967,1.439323498486344,0.287123870635134,,,,,,
968,1.4393058417927567,0.2766353495575671,,,,,,
969,1.4392815949935298,0.291663318494499,,,,,,
970,1.4392578092453256,0.2814940055404564,,,,,,
971,1.439240208214648,0.27202316048869296,,,,,,
972,1.4392165127455172,0.287512357954564,,,,,,
973,1.4391993969823456,0.2783024397494622,,,,,,
974,1.4391757770258113,0.2948054368287962,,,,,,
975,1.439152342878892,0.28583789354953104,,,,,,
976,1.4391292874998145,0.27746698596164804,,,,,,
977,1.4391122741160993,0.26965262437374354,,,,,,
978,1.439089272627958,0.28652575908074085,,,,,,
979,1.4390664054197704,0.2789028503511387,,,,,,
980,1.4390499398235863,0.2717829889767687,,,,,,
981,1.4390271120387357,0.2896203459664469,,,,,,
982,1.439004615493809,0.282677667777842,,,,,,
983,1.4389822158329924,0.2761951456842887,,,,,,
984,1.4389661265779934,0.27014440317243815,,,,,,
985,1.4389437621255274,0.28888199955774413,,,,,,
986,1.4389216965435803,0.2830014105033903,,,,,,
987,1.4388997000767352,0.27752213329853853,,,,,,
988,1.4388779716595652,0.27242165740154595,,,,,,
989,1.4388622063598713,0.2676794335479247,,,,,,
990,1.4388405283052716,0.28747757250127104,,,,,,
991,1.4388188984489907,0.28292300891640093,,,,,,
992,1.4387975224174974,0.2787094279074748,,,,,,
993,1.4387761805643928,0.2748209835322359,,,,,,
994,1.4387550729972092,0.2712426863629511,,,,,,
995,1.4387339886825603,0.2679612671418763,,,,,,
996,1.4387131229424135,0.264964251017131,,,,,,
997,1.4386979416796348,0.26224037925675703,,,,,,
998,1.4386771706783865,0.2835082981708274,,,,,,
999,1.438656413562013,0.2810555348433779,,,,,,
1000,1.438635877898402,0.27887786369306156,,,,,,
